干员名字,分支,描述,再部署时间,部署费用,阻挡数,攻击间隔,生命上限,攻击,防御,法术抗性,攻击范围
重岳,重剑手,同时攻击阻挡的所有敌人,70s,19→21→23,2,2.5s,"['2325', '3230', '4251', '5669', '350']","['642', '918', '1193', '1438', '70']","['0', '0', '0', '0', '0']","['0', '0', '0', '0', '0']","[2, 2, 2]"
闪击,吟游者,不攻击，持续恢复范围内所有友军生命（每秒相当于自身攻击力10%的生命），自身不受鼓舞术语: 鼓舞获得额外附加的基础属性加成（同类属性取比例最高）※给予他人鼓舞效果的角色会将自身的鼓舞BUFF重写后适用于受益者（先最终乘算计算加成数值后，重写为最终加算，再将鼓舞赋予受益者）影响,70s,6→8,1,1.3s,"['613', '877', '1202', '1603', '0']","['145', '228', '305', '368', '50']","['93', '139', '186', '233', '30']","['0', '0', '0', '0', '0']","[9, 13, 13]"
伊芙利特,无畏者,能够阻挡一个敌人,70s,17→19,1,1.5s,"['1397', '1996', '2698', '3550', '200']","['473', '697', '883', '1064', '85']","['130', '187', '247', '295', '0']","['0', '0', '0', '0', '0']","[2, 2, 2]"
断崖,召唤师,攻击造成法术伤害可以使用召唤物协助作战,70s,10→12,1,1.6s,"['485', '656', '852', '1079', '350']","['212', '304', '406', '473', '35']","['59', '85', '114', '138', '0']","['15', '15', '20', '20', '0']","[9, 10, 10]"
炎客,召唤师,攻击造成法术伤害可以使用召唤物协助作战,70s,8→10,1,1.6s,"['472', '638', '829', '1050', '300']","['181', '259', '346', '403', '0']","['53', '77', '103', '125', '0']","['10', '10', '10', '15', '0']","[9, 10, 10]"
熔泉,驭法铁卫,技能开启时普通攻击会造成法术伤害,80s,23→25→27,3,1.6s,"['1246', '1685', '2247', '3122', '200']","['262', '375', '500', '625', '40']","['231', '341', '461', '577', '0']","['5', '5', '10', '15', '0']","[1, 1, 1]"
宴,群愈师,同时恢复三个友方单位的生命,70s,15→17,1,2.85s,"['751', '1016', '1271', '1610', '0']","['122', '198', '268', '335', '55']","['71', '95', '124', '150', '0']","['0', '0', '0', '0', '0']","[10, 12, 12]"
石英,执旗手,技能发动期间阻挡数变为0,70s,10→12,1,1.3s,"['771', '1057', '1339', '1835', '0']","['243', '348', '458', '546', '40']","['169', '236', '311', '367', '40']","['0', '0', '0', '0', '0']","[2, 2, 2]"
刻俄柏,处决者,再部署时间大幅度减少,18s,7→9,1,0.93s,"['680', '907', '1134', '1455', '0']","['207', '305', '418', '536', '50']","['137', '196', '255', '304', '30']","['0', '0', '0', '0', '0']","[2, 2, 2]"
黑,炮手,攻击造成群体物理伤害,70s,25→27→29,1,2.8s,"['985', '1232', '1540', '1926', '0']","['375', '536', '671', '861', '100']","['80', '104', '132', '156', '0']","['0', '0', '0', '0', '0']","[12, 13, 15]"
缪尔赛思,铁卫,能够阻挡三个敌人,70s,16→18,3,1.2s,"['1144', '1526', '2035', '——', '0']","['184', '236', '295', '——', '0']","['242', '362', '490', '——', '60']","['0', '0', '0', '——', '0']","[1, 1]"
绮良,剑豪,普通攻击连续造成两次伤害,70s,17→19→21,2,1.3s,"['990', '1357', '1763', '2320', '0']","['233', '338', '439', '571', '70']","['142', '204', '266', '325', '0']","['0', '0', '0', '0', '0']","[2, 2, 2]"
休谟斯,尖兵,能够阻挡两个敌人,70s,10→12,2,1.05s,"['693', '937', '1284', '1835', '0']","['185', '281', '385', '470', '60']","['136', '198', '255', '310', '0']","['0', '0', '0', '0', '0']","[2, 2, 2]"
雪绒,行医,恢复友方单位生命，并回复相当于攻击力50%的元素损伤术语: 元素损伤包括神经损伤、侵蚀损伤、灼燃损伤、凋亡损伤※最大元素值默认为1000，受到附加元素损伤的伤害时先结算伤害后结算元素损伤（可以回复未受伤友方单位的元素损伤术语: 元素损伤包括神经损伤、侵蚀损伤、灼燃损伤、凋亡损伤※最大元素值默认为1000，受到附加元素损伤的伤害时先结算伤害后结算元素损伤）,70s,13→15,1,2.85s,"['750', '987', '1175', '1367', '150']","['136', '223', '310', '388', '35']","['43', '63', '79', '99', '0']","['10', '10', '10', '10', '0']","[12, 18, 18]"
翎羽,领主,可以进行远程攻击，但此时攻击力降低至80%,70s,18→20,2,1.3s,"['1075', '1536', '2022', '2560', '0']","['297', '444', '577', '713', '50']","['189', '259', '329', '397', '50']","['5', '5', '10', '10', '0']","[7, 8, 8]"
梅,铁卫,能够阻挡三个敌人,80s,20→22→24,3,1.2s,"['1443', '1899', '2467', '3380', '350']","['199', '256', '321', '378', '0']","['253', '378', '519', '721', '35']","['0', '0', '0', '0', '0']","[1, 1, 1]"
惊蛰,凝滞师,攻击造成法术伤害，并对敌人造成短暂的停顿术语: 停顿移动速度降低80%,70s,12→14,1,1.9s,"['548', '751', '964', '1205', '0']","['202', '298', '398', '480', '50']","['46', '66', '85', '101', '0']","['10', '10', '15', '20', '0']","[12, 12, 12]"
濯尘芙蓉,钩索师,技能可以使敌人产生位移可以放置于远程位,70s,11→13,2,1.8s,"['852', '1152', '1497', '1970', '0']","['329', '471', '612', '765', '70']","['148', '219', '289', '340', '0']","['0', '0', '0', '0', '0']","[3, 4, 4]"
夏栎,领主,可以进行远程攻击，但此时攻击力降低至80%,70s,18→20,2,1.3s,"['1041', '1488', '1959', '2480', '0']","['299', '447', '581', '718', '50']","['191', '263', '333', '402', '50']","['5', '5', '10', '10', '0']","[7, 8, 8]"
晓歌,速射手,优先攻击空中单位,70s,7,1,1.0s,"['546', '780', '——', '——', '0']","['161', '269', '——', '——', '30']","['46', '66', '——', '——', '0']","['0', '0', '——', '——', '0']",[10]
稀音,战术家,可以在攻击范围内选择一次战术点来召唤援军，自身攻击援军阻挡的敌人时攻击力提升至150%,70s,15→17,1,1.0s,"['785', '1122', '1439', '1755', '0']","['195', '287', '378', '462', '80']","['54', '91', '130', '154', '0']","['0', '0', '0', '0', '0']","[10, 12, 12]"
槐琥,解放者,通常不攻击且阻挡数为0，技能未开启时40秒内攻击力逐渐提升至最高+200%且技能结束时重置攻击力,80s,11→13,2→2→3,1.2s,"['1871', '2463', '3118', '3757', '230']","['137', '197', '256', '302', '50']","['238', '331', '425', '501', '0']","['15', '15', '15', '15', '0']","[4, 4, 4]"
正义骑士号,武者,精英阶段0,70s,20→22→24,1,1.2s,"['1413', '1963', '2583', '3444', '0']","['309', '442', '575', '693', '30']","['150', '206', '265', '312', '40']","['0', '0', '0', '0', '0']","[2, 2, 2]"
夕,群愈师,同时恢复三个友方单位的生命,70s,15→17,1,2.85s,"['745', '1008', '1260', '1595', '200']","['125', '202', '274', '343', '30']","['72', '97', '126', '153', '0']","['0', '0', '0', '0', '0']","[10, 12, 12]"
诗怀雅,尖兵,能够阻挡两个敌人,70s,11→13,2,1.05s,"['727', '996', '1365', '1950', '0']","['203', '299', '410', '500', '70']","['139', '208', '274', '343', '0']","['0', '0', '0', '0', '0']","[2, 2, 2]"
雷蛇,领主,可以进行远程攻击，但此时攻击力降低至80%,70s,14→16,2,1.3s,"['879', '1256', '1653', '——', '0']","['252', '372', '497', '——', '50']","['162', '222', '282', '——', '0']","['5', '5', '10', '——', '0']","[7, 8]"
Lancet-2,工匠,能够阻挡两个敌人，使用<支援装置>协助作战,70s,13→15→17,2,1.5s,"['1123', '1539', '1976', '2470', '0']","['226', '333', '444', '535', '35']","['188', '270', '349', '415', '35']","['0', '0', '0', '0', '0']","[2, 2, 2]"
巡林者,炮手,攻击造成群体物理伤害,70s,25→27→29,1,2.8s,"['821', '1027', '1284', '1605', '0']","['397', '568', '711', '912', '100']","['68', '89', '112', '133', '0']","['0', '0', '0', '0', '0']","[12, 13, 15]"
空爆,投掷手,攻击对小范围的地面敌人造成两次物理伤害（第二次为余震，伤害降低至攻击力的一半）,70s,23→25,1,2.1s,"['874', '1166', '1477', '1944', '0']","['341', '461', '584', '688', '60']","['123', '160', '200', '245', '30']","['10', '10', '10', '15', '0']","[12, 19, 19]"
柏喙,无畏者,能够阻挡一个敌人,70s,13→15,1,1.5s,"['1395', '1993', '2745', '——', '0']","['396', '583', '738', '——', '65']","['83', '119', '155', '——', '0']","['0', '0', '0', '——', '0']","[2, 2]"
浊心斯卡蒂,疗养师,拥有较大治疗范围，但在治疗较远目标时治疗量变为80%,80s,21→23,1,2.85s,"['1000', '1317', '1569', '1825', '0']","['189', '311', '432', '540', '45']","['48', '70', '88', '111', '30']","['10', '10', '10', '10', '0']","[12, 18, 18]"
年,不屈者,无法被友方角色治疗,70s,32→34→36,2→3→3,1.6s,"['1677', '2207', '2867', '3928', '500']","['370', '515', '687', '882', '0']","['229', '347', '463', '602', '60']","['10', '10', '10', '10', '0']","[2, 2, 2]"
Touch,疗养师,拥有较大治疗范围，但在治疗较远目标时治疗量变为80%,80s,20→22,1,2.85s,"['798', '1050', '1251', '1455', '200']","['164', '269', '374', '468', '40']","['55', '80', '100', '126', '0']","['10', '10', '10', '10', '0']","[12, 18, 18]"
铸铁,重射手,高精度的近距离射击,70s,14→16→18,1,1.6s,"['671', '933', '1197', '1576', '0']","['313', '429', '565', '735', '80']","['79', '114', '152', '209', '0']","['0', '0', '0', '0', '0']","[7, 9, 9]"
赫默,伏击客,对攻击范围内所有敌人造成伤害拥有50%的物理和法术闪避且不容易成为敌人的攻击目标,70s,18→20,0,3.5s,"['849', '1180', '1513', '1780', '200']","['372', '503', '646', '798', '60']","['141', '217', '282', '340', '0']","['10', '10', '20', '30', '0']","[10, 10, 10]"
罗比菈塔,术战者,攻击造成法术伤害,80s,21→23,1,1.25s,"['1297', '1707', '2162', '2845', '500']","['266', '386', '502', '620', '0']","['166', '238', '306', '369', '0']","['10', '10', '10', '15', '0']","[2, 2, 2]"
暮落,速射手,优先攻击空中单位,70s,11→13,1,1.0s,"['693', '991', '1271', '1550', '0']","['171', '285', '414', '505', '75']","['58', '97', '139', '165', '0']","['0', '0', '0', '0', '0']","[10, 12, 12]"
深海色,强攻手,同时攻击阻挡的所有敌人,70s,19→21→23,2→2→3,1.2s,"['1064', '1365', '1751', '2335', '0']","['308', '428', '579', '762', '80']","['155', '222', '300', '366', '0']","['0', '0', '0', '0', '0']","[2, 2, 2]"
嘉维尔,炮手,攻击造成群体物理伤害,70s,21→23,1,2.8s,"['736', '920', '1150', '——', '0']","['340', '487', '617', '——', '55']","['51', '67', '85', '——', '0']","['0', '0', '0', '——', '0']","[12, 13]"
可颂,医师,恢复友方单位生命，且不受部署数量限制，但再部署时间极长,200s,3,1,2.85s,"['261', '435', '——', '——', '100']","['42', '70', '——', '——', '40']","['16', '27', '——', '——', '0']","['0', '0', '——', '——', '0']",[10]
亚叶,疗养师,拥有较大治疗范围，但在治疗较远目标时治疗量变为80%,70s,18→20,1,2.85s,"['785', '1034', '1231', '1432', '200']","['172', '282', '393', '492', '40']","['52', '76', '95', '119', '0']","['10', '10', '10', '10', '0']","[12, 18, 18]"
煌,散射手,攻击范围内的所有敌人，对自己前方一横排的敌人攻击力提升至150%,70s,27→30,1,2.3s,"['977', '1303', '1650', '2200', '0']","['303', '434', '560', '667', '55']","['90', '118', '150', '167', '0']","['0', '0', '0', '0', '0']","[5, 7, 7]"
蛇屠箱,神射手,优先攻击攻击范围内防御力最低的敌方单位,70s,19→21,1,2.7s,"['737', '958', '1198', '1498', '300']","['479', '666', '877', '1070', '40']","['62', '83', '104', '128', '0']","['0', '0', '0', '0', '0']","[12, 19, 19]"
圣约送葬人,医师,恢复友方单位生命,70s,15→17,1,2.85s,"['682', '975', '1220', '——', '0']","['153', '248', '345', '——', '45']","['61', '82', '110', '——', '0']","['0', '0', '0', '——', '0']","[10, 12]"
空弦,处决者,再部署时间大幅度减少,18s,7→9,1,0.93s,"['703', '938', '1173', '1505', '0']","['204', '301', '413', '530', '75']","['135', '194', '253', '302', '0']","['0', '0', '0', '0', '0']","[2, 2, 2]"
傀影,中坚术师,攻击造成法术伤害,70s,12,1,1.6s,"['571', '952', '——', '——', '0']","['238', '340', '——', '——', '30']","['36', '62', '——', '——', '0']","['10', '10', '——', '——', '0']",[9]
森蚺,无畏者,能够阻挡一个敌人,70s,17→19,1,1.5s,"['1521', '2174', '2938', '3866', '0']","['452', '665', '842', '1015', '80']","['116', '167', '220', '263', '40']","['0', '0', '0', '0', '0']","[2, 2, 2]"
Stormeye,斗士,能够阻挡一个敌人,70s,7→9,1,0.78s,"['1151', '1556', '1996', '2435', '0']","['211', '311', '415', '513', '60']","['131', '191', '262', '312', '0']","['0', '0', '0', '0', '0']","[2, 2, 2]"
食铁兽,推击手,同时攻击阻挡的所有敌人可以放置于远程位,70s,18→20,2,1.2s,"['852', '1136', '1439', '1845', '300']","['279', '388', '518', '640', '45']","['158', '240', '317', '382', '0']","['0', '0', '0', '0', '0']","[2, 2, 2]"
至简,中坚术师,攻击造成法术伤害,80s,20→22,1,1.6s,"['619', '885', '1150', '1420', '0']","['286', '403', '531', '633', '70']","['47', '80', '111', '124', '0']","['10', '10', '15', '20', '0']","[9, 10, 10]"
铎铃,尖兵,能够阻挡两个敌人,70s,11→13,2,1.05s,"['679', '931', '1276', '1824', '0']","['212', '312', '428', '522', '70']","['138', '207', '273', '342', '0']","['0', '0', '0', '0', '0']","[2, 2, 2]"
普罗旺斯,情报官,再部署时间减少，可使用远程攻击,35s,9→11,1,1.0s,"['1000', '1390', '1760', '2121', '0']","['256', '366', '482', '589', '50']","['106', '175', '241', '281', '30']","['0', '0', '0', '0', '0']","[3, 3, 3]"
铅踝,武者,精英阶段0,70s,22→24→26,1,1.2s,"['1568', '2179', '2868', '3825', '400']","['340', '486', '632', '762', '70']","['160', '220', '283', '334', '0']","['0', '0', '0', '0', '0']","[2, 2, 2]"
预备干员-狙击,秘术师,攻击造成法术伤害，在找不到攻击目标时可以将攻击能量储存起来之后一齐发射（最多3个）,70s,21→23,1,3.0s,"['625', '894', '1162', '1435', '0']","['486', '695', '903', '1116', '100']","['44', '75', '104', '117', '0']","['20', '20', '20', '20', '0']","[8, 10, 10]"
莫斯提马,中坚术师,攻击造成法术伤害,70s,15→17,1,1.6s,"['565', '808', '1050', '——', '0']","['242', '346', '456', '——', '0']","['36', '61', '84', '——', '0']","['10', '10', '15', '——', '0']","[9, 10]"
格雷伊,工匠,能够阻挡两个敌人，使用<支援装置>协助作战,70s,15→17→19,2,1.5s,"['1043', '1490', '2042', '2723', '0']","['236', '369', '492', '593', '40']","['190', '274', '354', '421', '40']","['0', '0', '0', '0', '0']","[2, 2, 2]"
莱恩哈特,速射手,优先攻击空中单位,70s,9→11,1,1.0s,"['545', '826', '1060', '——', '0']","['154', '258', '375', '——', '50']","['52', '88', '126', '——', '0']","['0', '0', '0', '——', '0']","[10, 12]"
艾丝黛尔,阵法术师,通常时不攻击且防御力和法术抗性大幅度提升，技能开启时攻击造成群体法术伤害,70s,22→24,1,2.0s,"['1074', '1343', '1679', '2048', '0']","['421', '569', '730', '849', '70']","['158', '184', '212', '242', '40']","['15', '15', '15', '15', '0']","[9, 13, 13]"
图耶,铁卫,能够阻挡三个敌人,70s,18→20→22,3,1.2s,"['1503', '1978', '2569', '3520', '150']","['201', '258', '323', '380', '0']","['249', '373', '511', '710', '60']","['0', '0', '0', '0', '0']","[1, 1, 1]"
天火,中坚术师,攻击造成法术伤害,70s,17→19,1,1.6s,"['619', '885', '1150', '1420', '0']","['253', '362', '483', '583', '60']","['42', '71', '98', '110', '0']","['10', '10', '15', '20', '0']","[9, 10, 10]"
W,处决者,再部署时间大幅度减少,18s,8→10,1,0.93s,"['747', '996', '1246', '1598', '0']","['219', '323', '443', '569', '90']","['144', '206', '268', '320', '0']","['0', '0', '0', '0', '0']","[2, 2, 2]"
老鲤,伏击客,对攻击范围内所有敌人造成伤害拥有50%的物理和法术闪避且不容易成为敌人的攻击目标,70s,17→19,0,3.5s,"['730', '1014', '1300', '1530', '450']","['346', '468', '601', '742', '0']","['139', '214', '279', '337', '0']","['10', '10', '20', '30', '0']","[10, 10, 10]"
苦艾,扩散术师,攻击造成群体法术伤害,70s,24,1,2.9s,"['1461', '1461', '——', '——', '0']","['302', '432', '——', '——', '50']","['31', '50', '——', '——', '0']","['10', '10', '——', '——', '0']",[7]
空构,召唤师,攻击造成法术伤害可以使用召唤物协助作战,70s,10→12,1,1.6s,"['495', '670', '871', '1103', '300']","['211', '302', '403', '469', '40']","['60', '87', '116', '140', '0']","['15', '15', '20', '20', '0']","[9, 10, 10]"
Castle-3,傀儡师,受到致命伤时不撤退，切换成<替身>作战（替身阻挡数为0），持续20秒后自身再次替换<替身>,70s,14→14→16,2,1.2s,"['1311', '1749', '2214', '2803', '0']","['335', '459', '604', '737', '80']","['133', '205', '267', '322', '0']","['0', '0', '0', '0', '0']","[2, 2, 2]"
真理,决战者,只有阻挡敌人时才能够回复技力,70s,29→31→33,1,1.6s,"['1882', '2614', '3440', '4468', '0']","['462', '651', '835', '1007', '70']","['247', '364', '492', '615', '70']","['0', '0', '0', '0', '0']","[2, 2, 2]"
仇白,领主,可以进行远程攻击，但此时攻击力降低至80%,70s,17→19,2,1.3s,"['1016', '1452', '1911', '2420', '0']","['279', '417', '542', '670', '75']","['178', '245', '311', '375', '0']","['5', '5', '10', '10', '0']","[7, 8, 8]"
龙舌兰,决战者,只有阻挡敌人时才能够回复技力,70s,28→30→32,1,1.6s,"['1534', '2131', '2804', '3642', '0']","['460', '648', '831', '1002', '40']","['252', '371', '502', '628', '60']","['0', '0', '0', '0', '0']","[2, 2, 2]"
锡兰,斗士,能够阻挡一个敌人,80s,10→12,1,0.78s,"['1185', '1602', '2054', '2506', '0']","['236', '348', '464', '574', '40']","['134', '192', '260', '310', '35']","['0', '0', '0', '0', '0']","[2, 2, 2]"
白铁,阵法术师,通常时不攻击且防御力和法术抗性大幅度提升，技能开启时攻击造成群体法术伤害,80s,23→25,1,2.0s,"['1020', '1275', '1594', '1945', '0']","['377', '503', '629', '732', '75']","['125', '146', '170', '196', '15']","['15', '15', '15', '15', '0']","[9, 13, 13]"
12F,医师,恢复友方单位生命,70s,15→17,1,2.85s,"['634', '907', '1135', '——', '0']","['156', '257', '362', '——', '45']","['60', '81', '109', '——', '0']","['0', '0', '0', '——', '0']","[10, 12]"
格劳克斯,强攻手,同时攻击阻挡的所有敌人,70s,20→22→24,2→2→3,1.2s,"['1325', '1699', '2179', '2906', '0']","['309', '430', '582', '766', '50']","['165', '236', '320', '391', '60']","['0', '0', '0', '0', '0']","[2, 2, 2]"
林,哨戒铁卫,能够阻挡三个敌人，可以进行远程攻击,70s,18→20→22,3,1.2s,"['1307', '1743', '2324', '3240', '0']","['219', '281', '352', '425', '45']","['256', '383', '518', '710', '45']","['0', '0', '0', '0', '0']","[3, 3, 3]"
洋灰,速射手,优先攻击空中单位,70s,8→10,1,1.0s,"['482', '754', '980', '——', '0']","['165', '276', '401', '——', '0']","['48', '80', '115', '——', '0']","['0', '0', '0', '——', '0']","[10, 12]"
琴柳,傀儡师,受到致命伤时不撤退，切换成<替身>作战（替身阻挡数为0），持续20s后自身再次替换<替身>,80s,15→17,2,1.2s,"['1139', '1519', '1923', '2435', '100']","['309', '424', '559', '682', '60']","['130', '200', '261', '315', '0']","['0', '0', '0', '0', '0']","[2, 2, 2]"
砾,炮手,攻击造成群体物理伤害,70s,24→26→28,1,2.8s,"['847', '1059', '1324', '1655', '0']","['363', '519', '649', '833', '85']","['63', '82', '104', '123', '0']","['0', '0', '0', '0', '0']","[12, 13, 15]"
芳汀,强攻手,同时攻击阻挡的所有敌人,70s,19→21→23,2→2→3,1.2s,"['1199', '1538', '1972', '2630', '0']","['293', '407', '551', '725', '80']","['150', '215', '291', '355', '0']","['0', '0', '0', '0', '0']","[2, 2, 2]"
斥罪,医师,恢复友方单位生命,70s,16→18,1,2.85s,"['851', '1167', '1374', '1580', '0']","['159', '262', '364', '450', '30']","['66', '96', '121', '152', '30']","['0', '0', '0', '0', '0']","[10, 12, 12]"
断罪者,无畏者,能够阻挡一个敌人，且不受部署数量限制，但再部署时间极长,200s,3,1,1.5s,"['928', '1191', '——', '——', '200']","['247', '353', '——', '——', '60']","['63', '90', '——', '——', '0']","['0', '0', '——', '——', '0']",[2]
泰拉大陆调查团,收割者,无法被友方角色治疗，攻击造成群体伤害，每攻击到一个敌人回复自身50生命，最大生效数等于阻挡数,70s,20→21→23,1→2→2,1.3s,"['1076', '1475', '1967', '2491', '0']","['298', '439', '586', '707', '70']","['224', '308', '396', '461', '30']","['0', '0', '0', '0', '0']","[4, 4, 4]"
红云,秘术师,攻击造成法术伤害，在找不到攻击目标时可以将攻击能量储存起来之后一齐发射（最多3个）,70s,22→24,1,3.0s,"['669', '957', '1243', '1535', '0']","['548', '784', '1019', '1259', '130']","['48', '81', '112', '125', '0']","['10', '10', '15', '20', '0']","[8, 10, 10]"
战车,处决者,再部署时间大幅度减少,18s,8→10,1,0.93s,"['762', '1016', '1270', '1629', '0']","['218', '321', '440', '565', '90']","['143', '205', '267', '318', '0']","['0', '0', '0', '0', '0']","[2, 2, 2]"
苇草,散射手,攻击范围内的所有敌人，对自己前方一横排的敌人攻击力提升至150%,70s,28→31,1,2.3s,"['1055', '1407', '1782', '2376', '0']","['314', '449', '580', '691', '65']","['103', '135', '172', '192', '0']","['0', '0', '0', '0', '0']","[5, 7, 7]"
推进之王,领主,可以进行远程攻击，但此时攻击力降低至80%,70s,16→18,2,1.3s,"['949', '1356', '1785', '2260', '0']","['272', '400', '534', '660', '0']","['154', '211', '268', '323', '55']","['5', '5', '10', '10', '0']","[7, 8, 8]"
炎狱炎熔,咒愈师,攻击造成法术伤害，攻击敌人时为攻击范围内一名友方干员治疗相当于50%伤害的生命值,70s,15→17,1,1.6s,"['826', '1088', '1296', '1508', '0']","['178', '293', '408', '511', '60']","['47', '69', '87', '109', '0']","['10', '10', '15', '20', '0']","[10, 12, 12]"
夜刀,无畏者,能够阻挡一个敌人,70s,14→16,1,1.5s,"['1449', '1932', '2577', '3483', '222']","['402', '601', '771', '929', '22']","['74', '107', '139', '166', '22']","['0', '0', '0', '0', '0']","[2, 2, 2]"
克洛丝,处决者,再部署时间大幅度减少,18s,8→10,1,0.93s,"['769', '1026', '1283', '1645', '0']","['215', '317', '435', '558', '90']","['144', '207', '270', '322', '0']","['0', '0', '0', '0', '0']","[2, 2, 2]"
乌有,强攻手,同时攻击阻挡的所有敌人,70s,17→19,2,1.2s,"['1130', '1449', '1858', '——', '0']","['263', '366', '495', '——', '50']","['126', '181', '245', '——', '0']","['0', '0', '0', '——', '0']","[2, 2]"
月禾,强攻手,同时攻击阻挡的所有敌人,70s,20→22→24,2→2→3,1.2s,"['1286', '1649', '2115', '2821', '0']","['308', '429', '581', '765', '60']","['156', '224', '303', '370', '45']","['0', '0', '0', '0', '0']","[2, 2, 2]"
桑葚,无畏者,能够阻挡一个敌人,70s,16→18,1,1.5s,"['1443', '2062', '2826', '3768', '0']","['416', '613', '776', '936', '75']","['105', '150', '195', '235', '25']","['0', '0', '0', '0', '0']","[2, 2, 2]"
卡达,削弱者,攻击造成法术伤害,70s,11→13,1,1.6s,"['798', '1174', '1587', '2035', '0']","['205', '294', '377', '455', '80']","['61', '88', '116', '132', '0']","['15', '15', '20', '25', '0']","[12, 16, 16]"
艾雅法拉,驭械术师,操作浮游单元造成法术伤害单元攻击同一敌人伤害提升（最高造成干员110%攻击力的伤害）,80s,21→23,1,1.3s,"['604', '863', '1121', '1475', '0']","['135', '191', '246', '294', '60']","['48', '73', '101', '121', '0']","['10', '10', '15', '20', '0']","[9, 10, 10]"
鞭刃,神射手,优先攻击攻击范围内防御力最低的敌方单位,70s,20→22,1,2.7s,"['749', '973', '1217', '1522', '0']","['535', '744', '980', '1196', '100']","['79', '106', '133', '163', '0']","['0', '0', '0', '0', '0']","[12, 19, 19]"
暮落(集成战略),神射手,优先攻击攻击范围内防御力最低的敌方单位,70s,19→21,1,2.7s,"['714', '928', '1160', '1450', '0']","['486', '675', '889', '1085', '90']","['63', '85', '107', '131', '0']","['0', '0', '0', '0', '0']","[12, 19, 19]"
预备干员-后勤,凝滞师,攻击造成法术伤害，并对敌人造成短暂的停顿术语: 停顿移动速度降低80%,70s,13→15,1,1.9s,"['581', '797', '1024', '1280', '0']","['218', '321', '429', '518', '65']","['46', '67', '87', '104', '0']","['10', '10', '15', '20', '0']","[12, 12, 12]"
杜宾,速射手,优先攻击空中单位,70s,9→11,1,1.0s,"['531', '831', '1080', '——', '0']","['150', '251', '365', '——', '50']","['55', '93', '134', '——', '0']","['0', '0', '0', '——', '0']","[10, 12]"
归溟幽灵鲨,秘术师,攻击造成法术伤害，在找不到攻击目标时可以将攻击能量储存起来之后一齐发射（最多3个）,70s,23→25,1,3.0s,"['732', '1046', '1359', '1678', '0']","['611', '873', '1134', '1400', '150']","['51', '87', '120', '135', '0']","['10', '10', '15', '20', '0']","[8, 10, 10]"
苏苏洛,收割者,无法被友方角色治疗，攻击造成群体伤害，每攻击到一个敌人回复自身50生命，最大生效数等于阻挡数,70s,18→19→21,1→2→2,1.3s,"['882', '1225', '1612', '2150', '0']","['275', '393', '511', '616', '30']","['194', '266', '342', '403', '30']","['0', '0', '0', '0', '0']","[4, 4, 4]"
杰克,炮手,攻击造成群体物理伤害,70s,24→26→28,1,2.8s,"['770', '963', '1204', '1505', '0']","['377', '539', '674', '865', '85']","['59', '77', '98', '116', '0']","['0', '0', '0', '0', '0']","[12, 13, 15]"
蓝毒,医师,恢复友方单位生命,80s,19→21,1,2.85s,"['839', '1183', '1426', '1585', '200']","['163', '268', '383', '479', '50']","['58', '84', '106', '133', '0']","['0', '0', '0', '0', '0']","[10, 12, 12]"
守林人,行医,恢复友方单位生命，并回复相当于攻击力50%的元素损伤术语: 元素损伤包括神经损伤、侵蚀损伤、灼燃损伤、凋亡损伤※最大元素值默认为1000，受到附加元素损伤的伤害时先结算伤害后结算元素损伤（可以回复未受伤友方单位的元素损伤术语: 元素损伤包括神经损伤、侵蚀损伤、灼燃损伤、凋亡损伤※最大元素值默认为1000，受到附加元素损伤的伤害时先结算伤害后结算元素损伤）,70s,12→14,1,2.85s,"['623', '820', '977', '1137', '100']","['136', '223', '311', '389', '35']","['44', '64', '80', '101', '0']","['10', '10', '10', '10', '0']","[12, 18, 18]"
阿消,情报官,再部署时间减少，可使用远程攻击,35s,8→10,1,1.0s,"['857', '1225', '1571', '1917', '0']","['236', '348', '459', '560', '30']","['94', '157', '225', '267', '30']","['0', '0', '0', '0', '0']","[3, 3, 3]"
芙蓉,处决者,再部署时间大幅度减少,18s,7→9,1,0.93s,"['783', '1044', '1306', '1675', '350']","['202', '298', '409', '525', '0']","['140', '200', '261', '311', '0']","['0', '0', '0', '0', '0']","[2, 2, 2]"
预备干员-重装,召唤师,攻击造成法术伤害可以使用召唤物协助作战,70s,9→11,1,1.6s,"['496', '671', '872', '1105', '200']","['194', '278', '371', '432', '0']","['67', '96', '128', '155', '35']","['15', '15', '20', '20', '0']","[9, 10, 10]"
酸糖,速射手,优先攻击空中单位,70s,10→12,1,1.0s,"['604', '864', '1108', '1320', '0']","['163', '272', '389', '475', '65']","['54', '91', '130', '154', '0']","['0', '0', '0', '0', '0']","[10, 12, 12]"
风丸,攻城手,优先攻击重量最重的敌人,70s,22→24,1,2.4s,"['800', '1067', '1351', '1755', '0']","['492', '684', '856', '1032', '110']","['60', '80', '100', '122', '0']","['0', '0', '0', '0', '0']","[10, 14, 14]"
泥岩,尖兵,能够阻挡两个敌人,70s,8→10,2,1.05s,"['652', '932', '1165', '——', '0']","['146', '216', '309', '——', '0']","['149', '214', '278', '——', '0']","['0', '0', '0', '——', '0']","[2, 2]"
Sharp,伏击客,对攻击范围内所有敌人造成伤害拥有50%的物理和法术闪避且不容易成为敌人的攻击目标,70s,19→21,0,3.5s,"['760', '1028', '1336', '1758', '0']","['372', '532', '692', '865', '110']","['155', '229', '302', '356', '0']","['10', '10', '20', '30', '0']","[10, 10, 10]"
温蒂,中坚术师,攻击造成法术伤害,70s,18→20,1,1.6s,"['699', '958', '1198', '1480', '200']","['276', '390', '514', '612', '70']","['48', '81', '110', '121', '0']","['10', '10', '15', '20', '0']","[9, 10, 10]"
塞雷娅,无畏者,能够阻挡一个敌人,60s,15→17,1,1.5s,"['1420', '2029', '2780', '3565', '0']","['436', '642', '813', '957', '0']","['117', '168', '219', '265', '0']","['0', '0', '0', '0', '0']","[2, 2, 2]"
杰西卡,陷阱师,可以使用陷阱来协助作战，但陷阱无法放置于敌人已在的格子中,80s,11→13,1,0.85s,"['674', '899', '1139', '1442', '200']","['232', '319', '420', '513', '40']","['68', '104', '137', '166', '0']","['0', '0', '0', '0', '0']","[10, 12, 12]"
送葬人,医师,恢复友方单位生命,70s,14→16,1,2.85s,"['603', '863', '1080', '——', '0']","['145', '239', '338', '——', '0']","['57', '76', '102', '——', '0']","['0', '0', '0', '——', '0']","[10, 12]"
达格达,链术师,精英阶段0,70s,28→31,1,2.3s,"['542', '775', '1007', '1326', '0']","['241', '345', '449', '542', '70']","['39', '66', '91', '108', '0']","['20', '20', '20', '20', '0']","[9, 10, 10]"
雪雉,扩散术师,攻击造成群体法术伤害,70s,30→33,1,2.9s,"['736', '1023', '1279', '1640', '0']","['357', '503', '646', '770', '90']","['49', '75', '103', '123', '0']","['10', '10', '15', '20', '0']","[7, 9, 9]"
凛冬,推击手,同时攻击阻挡的所有敌人可以放置于远程位,70s,17→19,2,1.2s,"['824', '1099', '1392', '1785', '200']","['252', '351', '469', '580', '35']","['151', '229', '302', '365', '0']","['0', '0', '0', '0', '0']","[2, 2, 2]"
预备干员-术师,中坚术师,攻击造成法术伤害,80s,20→22,1,1.6s,"['837', '1197', '1555', '1920', '200']","['271', '383', '504', '600', '35']","['45', '76', '106', '119', '0']","['10', '10', '15', '20', '0']","[9, 10, 10]"
风笛,战术家,可以在攻击范围内选择一次战术点来召唤援军，自身攻击援军阻挡的敌人时攻击力提升至150%,70s,12→14,1,1.0s,"['726', '1038', '1332', '1625', '0']","['187', '275', '362', '442', '60']","['46', '78', '112', '133', '0']","['0', '0', '0', '0', '0']","[10, 12, 12]"
掠风,守护者,技能可以治疗友方单位,70s,16→18→20,2→3→3,1.2s,"['1059', '1432', '1836', '2550', '400']","['179', '257', '348', '435', '0']","['234', '345', '460', '562', '0']","['10', '10', '10', '10', '0']","[1, 1, 1]"
微风,解放者,通常不攻击且阻挡数为0，技能未开启时40秒内攻击力逐渐提升至最高+200%且技能结束时重置攻击力,70s,10→12,2→2→3,1.2s,"['1945', '2560', '3241', '3906', '360']","['161', '231', '301', '355', '30']","['239', '332', '426', '502', '0']","['15', '15', '15', '15', '0']","[4, 4, 4]"
异客,斗士,能够阻挡一个敌人,70s,9→11,1,0.78s,"['1246', '1684', '2160', '2635', '0']","['242', '357', '477', '590', '60']","['156', '224', '304', '363', '30']","['0', '0', '0', '0', '0']","[2, 2, 2]"
阿米娅(近卫),护佑者,攻击造成法术伤害，技能开启后改为治疗友方单位（治疗量相当于75%攻击力）,80s,13→15,1,1.6s,"['737', '1054', '1445', '1927', '350']","['185', '290', '387', '467', '55']","['73', '110', '147', '184', '0']","['15', '15', '20', '25', '0']","[12, 16, 16]"
暗索,尖兵,能够阻挡两个敌人,70s,11→13,2,1.05s,"['812', '1128', '1505', '2150', '0']","['183', '274', '376', '470', '0']","['147', '211', '290', '350', '70']","['0', '0', '0', '0', '0']","[2, 2, 2]"
流星,教官,可以攻击到较远敌人，攻击自身未阻挡的敌人时攻击力提升至120%,80s,16→18,2,1.05s,"['781', '1071', '1391', '1932', '0']","['283', '405', '541', '645', '30']","['197', '278', '352', '420', '40']","['0', '0', '0', '0', '0']","[3, 3, 3]"
泡普卡,疗养师,拥有较大治疗范围，但在治疗较远目标时治疗量变为80%,80s,17→19,1,2.85s,"['748', '985', '1173', '1365', '150']","['159', '261', '363', '454', '35']","['51', '75', '94', '118', '0']","['10', '10', '10', '10', '0']","[12, 18, 18]"
缠丸,尖兵,能够阻挡两个敌人,70s,9→11,2,1.05s,"['742', '1060', '1325', '——', '0']","['157', '235', '325', '——', '0']","['130', '187', '260', '——', '50']","['0', '0', '0', '——', '0']","[2, 2]"
伊内丝,扩散术师,攻击造成群体法术伤害,70s,30→33,1,2.9s,"['727', '1010', '1263', '1620', '0']","['364', '513', '658', '784', '90']","['48', '74', '102', '122', '0']","['10', '10', '15', '20', '0']","[7, 9, 9]"
慑砂,驭械术师,操作浮游单元造成法术伤害单元攻击同一敌人伤害提升（最高造成干员110%攻击力的伤害）,80s,21→23,1,1.3s,"['573', '819', '1064', '1400', '100']","['148', '209', '268', '320', '40']","['47', '72', '100', '120', '0']","['10', '10', '15', '20', '0']","[9, 10, 10]"
黑键,教官,可以攻击到较远敌人，攻击自身未阻挡的敌人时攻击力提升至120%,70s,14→16,2,1.05s,"['774', '1061', '1378', '1914', '0']","['289', '413', '551', '656', '40']","['193', '273', '346', '413', '30']","['0', '0', '0', '0', '0']","[3, 3, 3]"
灰毫,炮手,攻击造成群体物理伤害,70s,23→25→27,1,2.8s,"['834', '1043', '1304', '1630', '0']","['347', '496', '621', '797', '70']","['51', '66', '84', '100', '0']","['0', '0', '0', '0', '0']","[12, 13, 15]"
和弦,攻城手,优先攻击重量最重的敌人,70s,22→24,1,2.4s,"['775', '1034', '1310', '1702', '0']","['498', '693', '867', '1045', '110']","['54', '73', '92', '113', '0']","['0', '0', '0', '0', '0']","[10, 14, 14]"
燧石,驭法铁卫,技能开启时普通攻击会造成法术伤害,70s,20→22→24,3,1.6s,"['1201', '1623', '2165', '3007', '0']","['244', '349', '466', '583', '65']","['220', '324', '438', '548', '0']","['5', '5', '10', '15', '0']","[1, 1, 1]"
谜图,傀儡师,受到致命伤时不撤退，切换成<替身>作战（替身阻挡数为0），持续20s后自身再次替换<替身>,70s,13→15,2,1.2s,"['1109', '1479', '1873', '2372', '0']","['313', '430', '567', '692', '80']","['131', '202', '263', '318', '0']","['0', '0', '0', '0', '0']","[2, 2, 2]"
明椒,战术家,可以在攻击范围内选择一次战术点来召唤援军，自身攻击援军阻挡的敌人时攻击力提升至150%,70s,11→13,1,1.0s,"['702', '1003', '1286', '1569', '0']","['171', '252', '332', '405', '50']","['43', '73', '105', '125', '0']","['0', '0', '0', '0', '0']","[10, 12, 12]"
灰喉,重射手,高精度的近距离射击,70s,15→17→19,1,1.6s,"['716', '995', '1276', '1680', '0']","['332', '456', '601', '781', '90']","['81', '117', '156', '215', '0']","['0', '0', '0', '0', '0']","[7, 9, 9]"
安德切尔,铁卫,能够阻挡三个敌人,70s,17→19→21,3,1.2s,"['1273', '1698', '2264', '3235', '385']","['198', '254', '318', '375', '0']","['241', '361', '489', '670', '0']","['5', '5', '5', '5', '0']","[1, 1, 1]"
星源,凝滞师,攻击造成法术伤害，并对敌人造成短暂的停顿术语: 停顿移动速度降低80%,70s,13→15,1,1.9s,"['606', '820', '1038', '1298', '0']","['216', '318', '425', '513', '65']","['46', '66', '85', '102', '0']","['10', '10', '15', '20', '0']","[12, 12, 12]"
月见夜,扩散术师,攻击造成群体法术伤害,60s,29→32,1,2.9s,"['743', '1032', '1290', '1655', '0']","['390', '550', '706', '821', '0']","['51', '78', '107', '128', '0']","['10', '10', '15', '20', '0']","[7, 9, 9]"
星极,剑豪,普通攻击连续造成两次伤害,70s,19→21→23,2,1.3s,"['1229', '1684', '2188', '2880', '0']","['249', '361', '469', '610', '50']","['154', '221', '288', '352', '50']","['0', '0', '0', '0', '0']","[2, 2, 2]"
寒檀,不屈者,无法被友方角色治疗,70s,31→33→35,2→3→3,1.6s,"['1574', '2072', '2692', '3688', '400']","['344', '479', '639', '820', '50']","['222', '337', '450', '585', '0']","['10', '10', '10', '10', '0']","[1, 1, 1]"
斑点,铁卫,能够阻挡三个敌人,70s,16→18,3,1.2s,"['1197', '1597', '2130', '——', '300']","['190', '244', '305', '——', '0']","['229', '342', '475', '——', '0']","['0', '0', '0', '——', '0']","[1, 1]"
玫兰莎,链术师,精英阶段0,70s,29→32,1,2.3s,"['590', '843', '1096', '1443', '0']","['295', '411', '527', '635', '75']","['47', '72', '99', '119', '0']","['10', '10', '15', '20', '0']","[9, 10, 10]"
德克萨斯,咒愈师,攻击造成法术伤害，攻击敌人时为攻击范围内一名友方干员治疗相当于50%伤害的生命值,70s,15→17,1,1.6s,"['868', '1143', '1361', '1583', '0']","['192', '316', '440', '550', '50']","['36', '53', '67', '84', '30']","['10', '10', '15', '20', '0']","[10, 12, 12]"
号角,要塞,不阻挡敌人时优先远程群体物理攻击,70s,24→26→28,2→3→3,2.8s,"['1237', '1650', '2200', '3067', '300']","['483', '620', '776', '936', '70']","['223', '334', '452', '620', '0']","['0', '0', '0', '0', '0']","[7, 7, 8]"
子月,凝滞师,攻击造成法术伤害，并对敌人造成短暂的停顿术语: 停顿移动速度降低80%,70s,14→16,1,1.9s,"['629', '863', '1108', '1385', '0']","['228', '336', '449', '542', '75']","['53', '77', '100', '120', '0']","['15', '15', '20', '25', '0']","[12, 12, 12]"
THRM-EX,中坚术师,攻击造成法术伤害,70s,18→20,1,1.6s,"['658', '941', '1223', '1510', '0']","['281', '396', '522', '622', '70']","['45', '77', '107', '120', '0']","['10', '10', '15', '20', '0']","[9, 10, 10]"
耶拉,驭械术师,操作浮游单元造成法术伤害单元攻击同一敌人伤害提升（最高造成干员110%攻击力的伤害）,70s,19→21,1,1.3s,"['600', '858', '1115', '1468', '0']","['148', '209', '268', '320', '60']","['49', '75', '103', '123', '0']","['10', '10', '15', '20', '0']","[9, 10, 10]"
阿,钩索师,技能可以使敌人产生位移可以放置于远程位,80s,14→16,2,1.8s,"['999', '1350', '1754', '2309', '0']","['344', '492', '640', '801', '50']","['144', '213', '281', '331', '50']","['0', '0', '0', '0', '0']","[3, 4, 4]"
菲亚梅塔,剑豪,普通攻击连续造成两次伤害,70s,19→21→23,2,1.3s,"['1236', '1694', '2201', '2935', '0']","['249', '367', '484', '621', '80']","['151', '214', '282', '349', '20']","['0', '0', '0', '0', '0']","[2, 2, 2]"
调香师,凝滞师,攻击造成法术伤害，并对敌人造成短暂的停顿术语: 停顿移动速度降低80%,70s,13→15,1,1.9s,"['592', '800', '1013', '1267', '300']","['213', '314', '419', '505', '35']","['45', '65', '84', '100', '0']","['10', '10', '15', '20', '0']","[12, 12, 12]"
星熊,怪杰,自身生命会不断流失(每秒流失3%生命值),70s,11→13,1,1.3s,"['865', '1236', '1627', '2034', '300']","['247', '413', '583', '703', '50']","['58', '90', '121', '152', '0']","['10', '10', '10', '10', '0']","[10, 12, 12]"
山,巫役,攻击造成法术伤害，可以造成元素损伤,70s,13→15,1,1.6s,"['429', '632', '855', '1097', '250']","['202', '289', '371', '447', '30']","['46', '67', '88', '101', '0']","['5', '5', '10', '15', '0']","[12, 12, 12]"
麦哲伦,领主,可以进行远程攻击，但此时攻击力降低至80%,70s,18→20,2,1.3s,"['1096', '1567', '2063', '2612', '0']","['296', '442', '575', '711', '30']","['191', '263', '333', '402', '70']","['5', '5', '10', '10', '0']","[7, 8, 8]"
红,术战者,攻击造成法术伤害,70s,19→21,1,1.25s,"['1330', '1750', '2216', '2916', '0']","['288', '418', '544', '672', '100']","['186', '267', '343', '414', '0']","['10', '10', '10', '15', '0']","[2, 2, 2]"
白雪,速射手,优先攻击空中单位,70s,12→14,1,1.0s,"['718', '1026', '1351', '1689', '0']","['181', '302', '432', '534', '90']","['60', '100', '143', '169', '0']","['0', '0', '0', '0', '0']","[10, 12, 12]"
慕斯,医师,恢复友方单位生命,70s,17→19,1,2.85s,"['845', '1191', '1435', '1595', '0']","['166', '273', '385', '482', '75']","['62', '90', '113', '142', '0']","['0', '0', '0', '0', '0']","[10, 12, 12]"
见行者,推击手,同时攻击阻挡的所有敌人可以放置于远程位,80s,20→22,2,1.2s,"['825', '1147', '1510', '1937', '350']","['285', '396', '528', '653', '0']","['158', '240', '316', '381', '35']","['0', '0', '0', '0', '0']","[2, 2, 2]"
清道夫,执旗手,技能发动期间阻挡数变为0,70s,8→10,1,1.3s,"['658', '902', '1142', '1565', '0']","['231', '331', '436', '520', '0']","['138', '193', '255', '300', '50']","['0', '0', '0', '0', '0']","[2, 2, 2]"
海蒂,领主,可以进行远程攻击，但此时攻击力降低至80%,70s,17→19,2,1.3s,"['987', '1410', '1856', '2350', '0']","['285', '426', '554', '685', '75']","['173', '238', '302', '365', '0']","['10', '10', '10', '15', '0']","[7, 8, 8]"
史尔特尔,冲锋手,击杀敌人后获得1点部署费用，撤退时返还初始部署费用,70s,9→11,1,1.0s,"['724', '1006', '1291', '1845', '0']","['248', '355', '468', '558', '60']","['152', '218', '287', '351', '0']","['0', '0', '0', '0', '0']","[2, 2, 2]"
安哲拉,神射手,优先攻击攻击范围内防御力最低的敌方单位,70s,18→20,1,2.7s,"['785', '1020', '1276', '1595', '0']","['437', '608', '801', '977', '75']","['60', '80', '100', '122', '0']","['0', '0', '0', '0', '0']","[12, 19, 19]"
卡涅利安,吟游者,不攻击，持续恢复范围内所有友军生命（每秒相当于自身攻击力10%的生命），自身不受鼓舞术语: 鼓舞获得额外附加的基础属性加成（同类属性取比例最高）※给予他人鼓舞效果的角色会将自身的鼓舞BUFF重写后适用于受益者（先最终乘算计算加成数值后，重写为最终加算，再将鼓舞赋予受益者）影响,70s,5→7,1,1.3s,"['519', '742', '1017', '1356', '0']","['133', '208', '278', '335', '50']","['95', '142', '190', '238', '20']","['0', '0', '0', '0', '0']","[9, 13, 13]"
百炼嘉维尔,铁卫,能够阻挡三个敌人,80s,20→22→24,3,1.2s,"['1475', '1941', '2522', '3456', '0']","['198', '254', '318', '375', '0']","['245', '367', '504', '701', '80']","['0', '0', '0', '0', '0']","[1, 1, 1]"
艾丽妮,决战者,只有阻挡敌人时才能够回复技力,70s,28→30→32,1,1.6s,"['1696', '2356', '3100', '4027', '0']","['413', '582', '747', '901', '55']","['257', '378', '512', '640', '55']","['0', '0', '0', '0', '0']","[2, 2, 2]"
棘刺,陷阱师,可以使用陷阱来协助作战，但陷阱无法放置于敌人已在的格子中,70s,9→11,1,0.85s,"['635', '847', '1073', '1359', '200']","['240', '329', '433', '529', '40']","['64', '98', '130', '157', '0']","['0', '0', '0', '0', '0']","[10, 12, 12]"
杜林,攻城手,优先攻击重量最重的敌人,70s,21→23,1,2.4s,"['820', '1066', '1333', '1667', '0']","['427', '594', '782', '954', '95']","['60', '80', '100', '123', '0']","['0', '0', '0', '0', '0']","[10, 14, 14]"
刻刀,收割者,无法被友方角色治疗，攻击造成群体伤害，每攻击到一个敌人回复自身50生命，最大生效数等于阻挡数,70s,19→20→22,1→2→2,1.3s,"['1120', '1474', '1867', '2250', '0']","['297', '425', '552', '650', '75']","['215', '299', '384', '452', '0']","['0', '0', '0', '0', '0']","[4, 4, 4]"
史都华德,神射手,优先攻击攻击范围内防御力最低的敌方单位,70s,19→21,1,2.7s,"['756', '982', '1228', '1536', '300']","['462', '643', '847', '1034', '40']","['75', '101', '127', '155', '0']","['0', '0', '0', '0', '0']","[12, 19, 19]"
Friston-3,收割者,无法被友方角色治疗，攻击造成群体伤害，每攻击到一个敌人回复自身50生命，最大生效数等于阻挡数,70s,19→20→22,1→2→2,1.3s,"['1055', '1389', '1759', '2120', '250']","['306', '438', '569', '670', '40']","['216', '300', '385', '454', '0']","['0', '0', '0', '0', '0']","[4, 4, 4]"
远山,医师,恢复友方单位生命,60s,16→18,1,2.85s,"['865', '1219', '1469', '1633', '0']","['210', '345', '493', '595', '0']","['59', '86', '108', '135', '0']","['0', '0', '0', '0', '0']","[10, 12, 12]"
夜莺,扩散术师,攻击造成群体法术伤害,70s,29→32,1,2.9s,"['629', '899', '1168', '1537', '300']","['324', '457', '587', '699', '0']","['52', '79', '109', '130', '0']","['10', '10', '15', '20', '0']","[7, 9, 9]"
褐果,速射手,优先攻击空中单位,70s,11→13,1,1.0s,"['572', '818', '1049', '1280', '0']","['178', '298', '432', '528', '75']","['56', '94', '135', '160', '0']","['0', '0', '0', '0', '0']","[10, 12, 12]"
地灵,守护者,技能可以治疗友方单位,70s,18→20→22,2→3→3,1.2s,"['1309', '1769', '2268', '3150', '0']","['200', '287', '388', '485', '50']","['248', '365', '487', '595', '60']","['10', '10', '10', '10', '0']","[1, 1, 1]"
布丁,剑豪,普通攻击连续造成两次伤害,80s,20→22→24,2,1.3s,"['1121', '1536', '1995', '2626', '0']","['253', '368', '478', '621', '40']","['135', '194', '253', '309', '40']","['0', '0', '0', '0', '0']","[2, 2, 2]"
暴行,吟游者,不攻击，持续恢复范围内所有友军生命（每秒相当于自身攻击力10%的生命），自身不受鼓舞术语: 鼓舞获得额外附加的基础属性加成（同类属性取比例最高）※给予他人鼓舞效果的角色会将自身的鼓舞BUFF重写后适用于受益者（先最终乘算计算加成数值后，重写为最终加算，再将鼓舞赋予受益者）影响,80s,7→9,1,1.3s,"['482', '689', '945', '1260', '250']","['126', '198', '265', '320', '40']","['107', '160', '214', '268', '0']","['0', '0', '0', '0', '0']","[9, 13, 13]"
焰影苇草,速射手,优先攻击空中单位，且不受部署数量限制，但再部署时间极长,200s,3,1,1.0s,"['396', '495', '——', '——', '100']","['137', '172', '——', '——', '45']","['32', '41', '——', '——', '0']","['0', '0', '——', '——', '0']",[10]
赫拉格,冲锋手,击杀敌人后获得1点部署费用，撤退时返还初始部署费用,80s,12→14,1,1.0s,"['874', '1214', '1557', '2225', '0']","['238', '351', '468', '558', '70']","['168', '234', '305', '372', '0']","['0', '0', '0', '0', '0']","[2, 2, 2]"
芬,散射手,攻击范围内的所有敌人，对自己前方一横排的敌人攻击力提升至150%,70s,28→31,1,2.3s,"['1035', '1380', '1747', '2330', '0']","['327', '468', '604', '720', '65']","['100', '131', '166', '185', '0']","['0', '0', '0', '0', '0']","[5, 7, 7]"
麒麟X夜刀,投掷手,攻击对小范围的地面敌人造成两次物理伤害（第二次为余震，伤害降低至攻击力的一半），且不受部署数量限制，但再部署时间极长,200s,3,1,2.1s,"['414', '518', '——', '——', '100']","['220', '276', '——', '——', '30']","['40', '51', '——', '——', '0']","['0', '0', '——', '——', '0']",[12]
帕拉斯,速射手,优先攻击空中单位,70s,10→12,1,1.0s,"['730', '1043', '1338', '1632', '0']","['163', '273', '391', '478', '65']","['36', '61', '88', '105', '0']","['0', '0', '0', '0', '0']","[10, 12, 12]"
特米米,斗士,能够阻挡一个敌人,70s,8→10,1,0.78s,"['1213', '1640', '2103', '2565', '0']","['218', '321', '429', '530', '75']","['151', '217', '294', '350', '0']","['0', '0', '0', '0', '0']","[2, 2, 2]"
远牙,领主,可以进行远程攻击，但此时攻击力降低至80%,70s,16→18,2,1.3s,"['945', '1350', '1777', '2250', '0']","['263', '388', '518', '640', '55']","['162', '222', '282', '340', '0']","['5', '5', '10', '10', '0']","[7, 8, 8]"
九色鹿,战术家,可以在攻击范围内选择一次战术点来召唤援军，自身攻击援军阻挡的敌人时攻击力提升至150%,70s,13→15,1,1.0s,"['811', '1159', '1486', '1813', '0']","['210', '309', '407', '497', '40']","['40', '68', '98', '117', '40']","['0', '0', '0', '0', '0']","[10, 12, 12]"
末药,中坚术师,攻击造成法术伤害,70s,19→21,1,1.6s,"['657', '939', '1220', '1565', '0']","['302', '420', '553', '667', '90']","['48', '82', '114', '128', '0']","['10', '10', '15', '20', '0']","[9, 10, 10]"
角峰,伏击客,对攻击范围内所有敌人造成伤害拥有50%的物理和法术闪避且不容易成为敌人的攻击目标,70s,18→20,0,3.5s,"['777', '1080', '1385', '1630', '0']","['378', '511', '656', '811', '60']","['141', '218', '284', '343', '30']","['10', '10', '20', '30', '0']","[10, 10, 10]"
凯尔希,速射手,优先攻击空中单位,70s,11→13,1,1.0s,"['536', '767', '984', '1230', '0']","['178', '297', '438', '535', '75']","['45', '76', '109', '130', '0']","['5', '5', '5', '5', '0']","[10, 12, 12]"
U-Official,处决者,不进行攻击，且不受部署数量限制，但再部署时间极长,200s,3,0,0.93s,"['1154', '1443', '——', '——', '0']","['208', '260', '——', '——', '90']","['354', '443', '——', '——', '0']","['50', '50', '——', '——', '0']",[9]
炎熔,轰击术师,攻击造成超远距离的群体法术伤害,70s,30→33,1,2.9s,"['686', '980', '1273', '1572', '0']","['343', '484', '638', '760', '90']","['45', '77', '107', '120', '0']","['10', '10', '15', '20', '0']","[5, 6, 6]"
吽,铁卫,能够阻挡三个敌人,70s,19→21→23,3,1.5s,"['1539', '2080', '2737', '3699', '400']","['295', '405', '513', '619', '0']","['254', '380', '529', '726', '70']","['0', '0', '0', '0', '0']","[2, 2, 2]"
坚雷,要塞,不阻挡敌人时优先远程群体物理攻击,70s,23→25→27,2→3→3,2.8s,"['1203', '1605', '2140', '2983', '0']","['456', '585', '732', '882', '50']","['205', '306', '414', '568', '50']","['0', '0', '0', '0', '0']","[7, 7, 8]"
能天使,召唤师,攻击造成法术伤害可以使用召唤物协助作战,70s,9→11,1,1.6s,"['480', '649', '843', '1068', '200']","['199', '285', '380', '443', '35']","['56', '80', '107', '130', '0']","['15', '15', '20', '20', '0']","[9, 10, 10]"
罗宾,链术师,精英阶段0,70s,30→33,1,2.3s,"['654', '935', '1215', '1558', '0']","['311', '433', '571', '689', '85']","['49', '84', '116', '130', '0']","['10', '10', '15', '20', '0']","[9, 10, 10]"
深靛,驭法铁卫,技能开启时普通攻击会造成法术伤害,70s,21→23→25,3,1.6s,"['1234', '1691', '2255', '3090', '0']","['286', '403', '538', '649', '80']","['221', '325', '440', '550', '0']","['5', '5', '10', '15', '0']","[1, 1, 1]"
蚀清,钩索师,技能可以使敌人产生位移可以放置于远程位,70s,10→12,2,1.8s,"['744', '1006', '1307', '1720', '0']","['313', '448', '582', '728', '0']","['142', '209', '276', '325', '60']","['0', '0', '0', '0', '0']","[3, 4, 4]"
耀骑士临光,医师,恢复友方单位生命,70s,18→20,1,2.85s,"['865', '1219', '1469', '1633', '400']","['167', '274', '392', '490', '0']","['94', '137', '172', '215', '40']","['0', '0', '0', '0', '0']","[12, 13, 15]"
铃兰,无畏者,能够阻挡一个敌人,80s,18→20,1,1.5s,"['1459', '2085', '2857', '3810', '0']","['403', '593', '751', '905', '75']","['107', '154', '201', '243', '25']","['0', '0', '0', '0', '0']","[2, 2, 2]"
斯卡蒂,尖兵,能够阻挡两个敌人,70s,12→14,2,1.05s,"['911', '1199', '1643', '2251', '0']","['212', '308', '422', '515', '60']","['154', '227', '307', '384', '25']","['0', '0', '0', '0', '0']","[2, 2, 2]"
灵知,领主,可以进行远程攻击，但此时攻击力降低至80%,70s,15→17,2,1.3s,"['856', '1224', '1611', '2040', '0']","['287', '423', '565', '698', '30']","['154', '212', '269', '325', '25']","['5', '5', '10', '10', '0']","[7, 8, 8]"
孑,削弱者,攻击造成法术伤害,70s,10→12,1,1.6s,"['629', '925', '1251', '1605', '0']","['193', '277', '356', '430', '65']","['46', '67', '89', '102', '0']","['15', '15', '20', '25', '0']","[12, 16, 16]"
梅尔,哨戒铁卫,能够阻挡三个敌人，可以进行远程攻击,70s,18→20→22,3,1.2s,"['1296', '1728', '2305', '3213', '0']","['230', '295', '369', '445', '45']","['243', '364', '493', '676', '45']","['0', '0', '0', '0', '0']","[3, 3, 3]"
奥斯塔,速射手,优先攻击空中单位,70s,10→12,1,1.0s,"['550', '786', '1008', '1230', '0']","['166', '277', '397', '485', '65']","['57', '95', '136', '162', '0']","['0', '0', '0', '0', '0']","[10, 12, 12]"
猎蜂,凝滞师,攻击造成法术伤害，并对敌人造成短暂的停顿术语: 停顿移动速度降低80%,70s,10→12,1,1.9s,"['553', '738', '935', '——', '0']","['192', '283', '378', '——', '40']","['44', '64', '83', '——', '0']","['10', '10', '15', '——', '0']","[12, 12]"
埃拉托,术战者,攻击造成法术伤害,70s,19→21,1,1.25s,"['1199', '1578', '1998', '2629', '0']","['282', '409', '532', '657', '45']","['170', '243', '312', '376', '45']","['15', '15', '15', '20', '0']","[2, 2, 2]"
早露,铁卫,能够阻挡三个敌人,70s,17→19→21,3,1.2s,"['1344', '1793', '2391', '3416', '0']","['195', '251', '314', '370', '0']","['232', '347', '470', '645', '75']","['0', '0', '0', '0', '0']","[1, 1, 1]"
暴雨,投掷手,攻击对小范围的地面敌人造成两次物理伤害（第二次为余震，伤害降低至攻击力的一半）,70s,22→24,1,2.1s,"['778', '1038', '1314', '1730', '150']","['311', '421', '533', '628', '60']","['120', '156', '196', '240', '0']","['10', '10', '10', '15', '0']","[12, 19, 19]"
因陀罗,链愈师,恢复友方单位生命，且会在3个友方单位间跳跃，每次跳跃治疗量降低25%,70s,16→18,1,2.85s,"['913', '1202', '1432', '1666', '200']","['153', '252', '351', '439', '50']","['74', '108', '136', '171', '0']","['0', '0', '0', '0', '0']","[10, 12, 12]"
寒芒克洛丝,铁卫,能够阻挡三个敌人，且不受部署数量限制，但再部署时间极长,200s,3,3,1.2s,"['921', '1152', '——', '——', '100']","['158', '198', '——', '——', '0']","['188', '235', '——', '——', '70']","['0', '0', '——', '——', '0']",[1]
霍尔海雅,无畏者,能够阻挡一个敌人,80s,18→20,1,1.5s,"['1496', '2138', '2930', '3907', '400']","['408', '601', '761', '918', '45']","['86', '123', '161', '195', '0']","['0', '0', '0', '0', '0']","[2, 2, 2]"
极光,中坚术师,攻击造成法术伤害,70s,19→21,1,1.6s,"['732', '1046', '1359', '1743', '0']","['292', '406', '535', '645', '90']","['46', '79', '109', '122', '0']","['10', '10', '15', '20', '0']","[9, 10, 10]"
野鬃,阵法术师,通常时不攻击且防御力和法术抗性大幅度提升，技能开启时攻击造成群体法术伤害,70s,22→24,1,2.0s,"['1104', '1380', '1726', '2106', '0']","['435', '581', '727', '846', '80']","['146', '170', '198', '228', '30']","['15', '15', '15', '15', '0']","[9, 13, 13]"
提丰,行商,再部署时间减少，撤退时不返还部署费用，在场时每3秒消耗3点部署费用（不足时自动撤退）,25s,5→7,1,1.0s,"['1110', '1461', '1804', '2284', '200']","['321', '441', '559', '674', '40']","['195', '250', '321', '378', '0']","['0', '0', '0', '0', '0']","[2, 2, 2]"
火神,攻城手,优先攻击重量最重的敌人,70s,21→23,1,2.4s,"['811', '1054', '1318', '1648', '150']","['428', '595', '784', '957', '70']","['60', '81', '102', '125', '0']","['0', '0', '0', '0', '0']","[10, 14, 14]"
波登可,重射手,高精度的近距离射击,70s,16→18→20,1,1.6s,"['768', '1067', '1369', '1802', '0']","['373', '512', '674', '876', '70']","['73', '105', '140', '193', '30']","['0', '0', '0', '0', '0']","[7, 9, 9]"
讯使,中坚术师,攻击造成法术伤害,70s,18→20,1,1.6s,"['654', '935', '1215', '1500', '0']","['283', '399', '525', '625', '70']","['45', '76', '106', '119', '0']","['10', '10', '15', '20', '0']","[9, 10, 10]"
布洛卡,冲锋手,击杀敌人后获得1点部署费用，撤退时返还初始部署费用,80s,12→14,1,1.0s,"['877', '1219', '1564', '2235', '0']","['235', '347', '463', '552', '0']","['166', '231', '300', '367', '70']","['0', '0', '0', '0', '0']","[2, 2, 2]"
夜烟,尖兵,能够阻挡两个敌人,70s,12→14,2,1.05s,"['892', '1174', '1609', '2205', '0']","['218', '316', '434', '530', '85']","['148', '219', '297', '372', '0']","['0', '0', '0', '0', '0']","[2, 2, 2]"
薄绿,尖兵,能够阻挡两个敌人,60s,10→12,2,1.05s,"['691', '947', '1298', '1855', '0']","['236', '348', '477', '582', '0']","['144', '216', '285', '357', '0']","['0', '0', '0', '0', '0']","[2, 2, 2]"
羽毛笔,速射手,优先攻击空中单位,70s,12→14,1,1.0s,"['725', '1036', '1364', '1705', '0']","['178', '298', '427', '528', '90']","['61', '102', '146', '172', '0']","['0', '0', '0', '0', '0']","[10, 12, 12]"
玫拉,凝滞师,攻击造成法术伤害，并对敌人造成短暂的停顿术语: 停顿移动速度降低80%,70s,12→14,1,1.9s,"['528', '724', '930', '1163', '0']","['208', '306', '408', '492', '50']","['43', '62', '80', '96', '0']","['10', '10', '15', '20', '0']","[12, 12, 12]"
临光,驭械术师,操作浮游单元造成法术伤害单元攻击同一敌人伤害提升（最高造成干员110%攻击力的伤害）,70s,20→22,1,1.3s,"['605', '865', '1124', '1480', '0']","['153', '216', '278', '331', '60']","['50', '76', '105', '125', '0']","['10', '10', '15', '20', '0']","[9, 10, 10]"
古米,行商,再部署时间减少，撤退时不返还部署费用，在场时每3秒消耗3点部署费用（不足时自动撤退）,25s,6→8,1,1.0s,"['1165', '1534', '1894', '2398', '200']","['346', '474', '601', '725', '40']","['204', '262', '336', '396', '0']","['0', '0', '0', '0', '0']","[2, 2, 2]"
澄闪,守护者,技能可以治疗友方单位,70s,15→17,2→3,1.2s,"['1057', '1429', '1833', '——', '0']","['165', '236', '320', '——', '30']","['225', '331', '442', '——', '30']","['10', '10', '10', '——', '0']","[1, 1]"
Pith,炮手,攻击造成群体物理伤害,80s,26→28→30,1,2.8s,"['844', '1056', '1320', '1650', '0']","['364', '520', '651', '835', '85']","['59', '77', '97', '115', '0']","['0', '0', '0', '0', '0']","[12, 13, 15]"
焰尾,驭法铁卫,技能开启时普通攻击会造成法术伤害,70s,21→23→25,3,1.6s,"['1234', '1691', '2255', '3090', '0']","['286', '403', '538', '649', '0']","['221', '325', '440', '550', '0']","['5', '5', '10', '15', '0']","[1, 1, 1]"
幽灵鲨,陷阱师,可以使用陷阱来协助作战，但陷阱无法放置于敌人已在的格子中,70s,10→12,1,0.85s,"['702', '936', '1186', '1502', '0']","['263', '361', '476', '581', '80']","['70', '107', '142', '172', '0']","['0', '0', '0', '0', '0']","[10, 12, 12]"
预备干员-近战,扩散术师,攻击造成群体法术伤害,70s,31→34,1,2.9s,"['822', '1142', '1428', '1831', '0']","['387', '546', '700', '834', '105']","['52', '80', '110', '132', '0']","['10', '10', '15', '20', '0']","[7, 9, 9]"
伊桑,医师,恢复友方单位生命,70s,16→18,1,2.85s,"['752', '1060', '1278', '1420', '0']","['161', '264', '372', '465', '60']","['57', '83', '104', '131', '0']","['0', '0', '0', '0', '0']","[10, 12, 12]"
清流,斗士,能够阻挡一个敌人,70s,7→9,1,0.78s,"['1124', '1520', '1949', '2378', '0']","['218', '321', '428', '529', '60']","['129', '188', '258', '308', '0']","['0', '0', '0', '0', '0']","[2, 2, 2]"
陨星,无畏者,能够阻挡一个敌人,70s,15→17,1,1.5s,"['1514', '2019', '2693', '3640', '450']","['396', '592', '760', '916', '0']","['70', '100', '131', '156', '0']","['0', '0', '0', '0', '0']","[2, 2, 2]"
郁金香,处决者,再部署时间大幅度减少,18s,6→8,1,0.93s,"['663', '885', '1107', '1420', '300']","['176', '256', '352', '452', '0']","['151', '216', '281', '335', '0']","['0', '0', '0', '0', '0']","[2, 2, 2]"
卡夫卡,医师,恢复友方单位生命,70s,16→18,1,2.85s,"['725', '994', '1170', '1345', '0']","['173', '284', '395', '488', '60']","['53', '77', '97', '122', '0']","['0', '0', '0', '0', '0']","[10, 12, 12]"
缄默德克萨斯,秘术师,攻击造成法术伤害，在找不到攻击目标时可以将攻击能量储存起来之后一齐发射（最多3个）,70s,22→24,1,3.0s,"['674', '964', '1252', '1546', '0']","['543', '776', '1008', '1245', '130']","['48', '81', '112', '125', '0']","['10', '10', '15', '20', '0']","[8, 10, 10]"
初雪,医师,恢复友方单位生命,70s,18→20,1,2.85s,"['854', '1204', '1451', '1613', '0']","['180', '296', '424', '530', '80']","['60', '88', '110', '138', '20']","['0', '0', '0', '0', '0']","[10, 12, 12]"
洛洛,群愈师,同时恢复三个友方单位的生命,70s,14→16,1,2.85s,"['710', '960', '1232', '1560', '150']","['117', '189', '256', '320', '25']","['69', '92', '120', '145', '0']","['0', '0', '0', '0', '0']","[10, 12, 12]"
巫恋,教官,可以攻击到较远敌人，攻击自身未阻挡的敌人时攻击力提升至120%,70s,15→17,2,1.05s,"['794', '1088', '1413', '1963', '300']","['302', '432', '577', '687', '50']","['213', '301', '382', '455', '0']","['0', '0', '0', '0', '0']","[3, 3, 3]"
歌蕾蒂娅,行医,恢复友方单位生命，并回复相当于攻击力50%的元素损伤术语: 元素损伤包括神经损伤、侵蚀损伤、灼燃损伤、凋亡损伤※最大元素值默认为1000，受到附加元素损伤的伤害时先结算伤害后结算元素损伤（可以回复未受伤友方单位的元素损伤术语: 元素损伤包括神经损伤、侵蚀损伤、灼燃损伤、凋亡损伤※最大元素值默认为1000，受到附加元素损伤的伤害时先结算伤害后结算元素损伤）,70s,13→15,1,2.85s,"['799', '1052', '1253', '1458', '150']","['131', '216', '300', '375', '35']","['46', '68', '85', '107', '0']","['10', '10', '10', '10', '0']","[12, 18, 18]"
玛恩纳,吟游者,不攻击，持续恢复范围内所有友军生命（每秒恢复相当于自身攻击力10%的生命），自身不受鼓舞术语: 鼓舞获得额外附加的基础属性加成（同类属性取比例最高）※给予他人鼓舞效果的角色会将自身的鼓舞BUFF重写后适用于受益者（先最终乘算计算加成数值后，重写为最终加算，再将鼓舞赋予受益者）影响，且不受部署数量限制，但再部署时间极长,200s,3,1,1.3s,"['308', '385', '——', '——', '120']","['81', '102', '——', '——', '20']","['22', '28', '——', '——', '0']","['0', '0', '——', '——', '0']",[9]
安比尔,教官,可以攻击到较远敌人，攻击自身未阻挡的敌人时攻击力提升至120%,70s,13→15,2,1.05s,"['818', '1121', '1457', '2024', '0']","['264', '378', '505', '602', '30']","['178', '252', '320', '382', '30']","['0', '0', '0', '0', '0']","[3, 3, 3]"
凛视,武者,精英阶段0,70s,21→23→25,1,1.2s,"['1442', '2004', '2638', '3518', '0']","['324', '463', '602', '726', '40']","['169', '232', '298', '351', '40']","['0', '0', '0', '0', '0']","[2, 2, 2]"
豆苗,重射手,高精度的近距离射击,70s,15→17→19,1,1.6s,"['709', '985', '1264', '1664', '0']","['337', '462', '609', '792', '90']","['79', '114', '153', '210', '0']","['0', '0', '0', '0', '0']","[7, 9, 9]"
贝娜,凝滞师,攻击造成法术伤害，并对敌人造成短暂的停顿术语: 停顿移动速度降低80%,70s,14→16,1,1.9s,"['673', '922', '1184', '1480', '0']","['220', '324', '432', '521', '75']","['57', '83', '107', '128', '0']","['15', '15', '20', '25', '0']","[12, 12, 12]"
赤冬,医师,恢复友方单位生命,70s,17→19,1,2.85s,"['805', '1135', '1368', '1520', '0']","['172', '282', '404', '505', '75']","['55', '80', '100', '125', '0']","['0', '0', '0', '0', '0']","[10, 12, 12]"
嵯峨,铁卫,能够阻挡三个敌人,70s,17→19→21,3,1.2s,"['1221', '1629', '2173', '3105', '0']","['193', '248', '310', '365', '0']","['249', '372', '503', '690', '75']","['0', '0', '0', '0', '0']","[1, 1, 1]"
令,铁卫,能够阻挡三个敌人,70s,19→21→23,3,1.2s,"['1602', '2165', '2849', '3850', '0']","['221', '284', '356', '430', '60']","['257', '384', '527', '723', '60']","['0', '0', '0', '0', '0']","[2, 2, 2]"
火龙S黑角,怪杰,自身生命会不断流失,70s,10→12,1,1.3s,"['805', '1150', '1514', '1893', '200']","['233', '389', '549', '662', '45']","['53', '82', '110', '138', '0']","['10', '10', '10', '10', '0']","[10, 12, 12]"
罗小黑,链术师,精英阶段0,80s,31→34,1,2.3s,"['589', '842', '1094', '1440', '0']","['293', '407', '522', '630', '75']","['48', '74', '102', '122', '0']","['10', '10', '15', '20', '0']","[9, 10, 10]"
芙兰卡,速射手,优先攻击空中单位,70s,10→12,1,1.0s,"['612', '875', '1123', '1370', '0']","['159', '266', '381', '465', '65']","['58', '97', '139', '165', '0']","['0', '0', '0', '0', '0']","[10, 12, 12]"
红豆,武者,精英阶段0,70s,21→23→25,1,1.2s,"['1491', '2071', '2726', '3635', '0']","['325', '465', '604', '728', '30']","['157', '216', '278', '328', '55']","['0', '0', '0', '0', '0']","[2, 2, 2]"
卡缇,护佑者,攻击造成法术伤害，技能开启后改为治疗友方单位（治疗量相当于75%攻击力）,70s,9→11,1,1.6s,"['660', '972', '1314', '1685', '350']","['200', '286', '367', '443', '35']","['83', '119', '157', '179', '0']","['15', '15', '20', '25', '0']","[12, 16, 16]"
水月,护佑者,攻击造成法术伤害，技能开启后改为治疗友方单位（治疗量相当于75%攻击力）,70s,10→12,1,1.6s,"['658', '969', '1310', '1680', '400']","['209', '299', '384', '463', '0']","['80', '115', '151', '172', '30']","['15', '15', '20', '25', '0']","[12, 16, 16]"
海沫,尖兵,能够阻挡两个敌人,70s,9→11,2,1.05s,"['711', '1016', '1270', '——', '0']","['168', '248', '355', '——', '50']","['128', '184', '240', '——', '0']","['0', '0', '0', '——', '0']","[2, 2]"
夜半,守护者,技能可以治疗友方单位,70s,17→19→21,2→3→3,1.2s,"['1154', '1560', '2001', '2780', '0']","['191', '273', '369', '462', '40']","['240', '353', '471', '575', '50']","['10', '10', '10', '10', '0']","[1, 1, 1]"
闪灵,攻城手,优先攻击重量最重的敌人,70s,20→22,1,2.4s,"['706', '942', '1193', '1550', '0']","['439', '610', '763', '920', '50']","['51', '68', '86', '105', '40']","['0', '0', '0', '0', '0']","[10, 14, 14]"
絮雨,尖兵,能够阻挡两个敌人,70s,10→12,2,1.05s,"['758', '1083', '1389', '1985', '0']","['170', '254', '348', '435', '0']","['137', '196', '273', '322', '60']","['0', '0', '0', '0', '0']","[2, 2, 2]"
隐现,尖兵,能够阻挡两个敌人,70s,12→14,2,1.05s,"['864', '1138', '1560', '2138', '0']","['216', '314', '431', '526', '85']","['157', '231', '313', '392', '0']","['0', '0', '0', '0', '0']","[2, 2, 2]"
多萝西,钩索师,技能可以使敌人产生位移可以放置于远程位,80s,13→15,2,1.8s,"['794', '1073', '1394', '1835', '300']","['320', '458', '596', '745', '0']","['155', '228', '301', '355', '40']","['0', '0', '0', '0', '0']","[3, 4, 4]"
夜魔,速射手,优先攻击空中单位,80s,13→15,1,1.0s,"['644', '920', '1180', '1440', '0']","['177', '295', '428', '522', '75']","['63', '105', '150', '178', '0']","['0', '0', '0', '0', '0']","[10, 12, 12]"
米格鲁,冲锋手,击杀敌人后获得1点部署费用，撤退时返还初始部署费用,70s,11→13,1,1.0s,"['975', '1355', '1738', '2484', '0']","['250', '369', '492', '586', '85']","['173', '241', '313', '382', '0']","['0', '0', '0', '0', '0']","[2, 2, 2]"
车尔尼,术战者,攻击造成法术伤害,70s,18→20,1,1.25s,"['1069', '1407', '1782', '2345', '0']","['273', '396', '515', '644', '35']","['158', '230', '296', '357', '35']","['10', '10', '10', '15', '0']","[2, 2, 2]"
梓兰,行商,再部署时间减少，撤退时不返还部署费用，在场时每3秒消耗3点部署费用（不足时自动撤退）,25s,7→9,1,1.0s,"['1179', '1552', '1917', '2427', '300']","['376', '516', '654', '789', '55']","['240', '308', '395', '465', '0']","['0', '0', '0', '0', '0']","[2, 2, 2]"
狮蝎,驭械术师,操作浮游单元造成法术伤害单元攻击同一敌人伤害提升（最高造成干员110%攻击力的伤害）,70s,18→20,1,1.3s,"['589', '842', '1094', '1440', '0']","['145', '205', '264', '315', '60']","['47', '72', '100', '120', '0']","['10', '10', '15', '20', '0']","[9, 10, 10]"
香草,中坚术师,攻击造成法术伤害,70s,19→21,1,1.6s,"['743', '1062', '1380', '1770', '0']","['287', '399', '525', '633', '90']","['49', '84', '116', '130', '0']","['10', '10', '15', '20', '0']","[9, 10, 10]"
截云,冲锋手,击杀敌人后获得1点部署费用，撤退时返还初始部署费用,70s,8→10,1,1.0s,"['688', '956', '1226', '——', '0']","['229', '333', '445', '——', '50']","['148', '212', '279', '——', '0']","['0', '0', '0', '——', '0']","[2, 2]"
安赛尔,散射手,攻击范围内的所有敌人，对自己前方一横排的敌人攻击力提升至150%,70s,29→32,1,2.3s,"['1110', '1481', '1875', '2501', '0']","['351', '502', '649', '773', '80']","['110', '143', '182', '203', '0']","['0', '0', '0', '0', '0']","[5, 7, 7]"
流明,削弱者,攻击造成法术伤害,70s,10→12,1,1.6s,"['677', '996', '1347', '1728', '0']","['184', '263', '338', '408', '65']","['48', '70', '92', '105', '0']","['15', '15', '20', '25', '0']","[12, 16, 16]"
蜜蜡,速射手,优先攻击空中单位,80s,13→15,1,1.0s,"['679', '971', '1246', '1520', '0']","['169', '283', '411', '502', '75']","['61', '103', '148', '176', '0']","['0', '0', '0', '0', '0']","[10, 12, 12]"
格拉尼,扩散术师,攻击造成群体法术伤害,70s,31→34,1,2.9s,"['808', '1123', '1404', '1801', '0']","['426', '601', '771', '918', '110']","['50', '77', '106', '127', '0']","['10', '10', '15', '20', '0']","[7, 9, 9]"
极境,护佑者,攻击造成法术伤害，技能开启后改为治疗友方单位（治疗量相当于75%攻击力）,70s,10→12,1,1.6s,"['674', '992', '1341', '1720', '300']","['200', '287', '369', '445', '40']","['81', '117', '154', '175', '0']","['15', '15', '20', '25', '0']","[12, 16, 16]"
爱丽丝,阵法术师,通常时不攻击且防御力和法术抗性大幅度提升，技能开启时攻击造成群体法术伤害,70s,21→23,1,2.0s,"['1052', '1315', '1644', '2005', '0']","['378', '505', '632', '735', '70']","['131', '153', '178', '205', '20']","['15', '15', '15', '15', '0']","[9, 13, 13]"
黑角,扩散术师,攻击造成群体法术伤害,70s,29→32,1,2.9s,"['653', '934', '1214', '1598', '0']","['332', '468', '600', '715', '70']","['47', '72', '99', '118', '0']","['10', '10', '15', '20', '0']","[7, 9, 9]"
承曦格雷伊,冲锋手,击杀敌人后获得1点部署费用，撤退时返还初始部署费用,70s,10→12,1,1.0s,"['870', '1209', '1550', '2215', '0']","['240', '354', '472', '562', '70']","['164', '229', '298', '364', '0']","['0', '0', '0', '0', '0']","[2, 2, 2]"
霜叶,要塞,不阻挡敌人时优先远程群体物理攻击,70s,23→25→27,2→3→3,2.8s,"['1293', '1725', '2301', '3207', '0']","['446', '573', '717', '865', '50']","['194', '291', '394', '541', '50']","['0', '0', '0', '0', '0']","[7, 7, 8]"
蜜莓,守护者,技能可以治疗友方单位,70s,17→19→21,2→3→3,1.2s,"['1172', '1584', '2032', '2823', '200']","['182', '261', '353', '442', '0']","['244', '359', '479', '585', '60']","['10', '10', '10', '10', '0']","[1, 1, 1]"
假日威龙陈,重剑手,同时攻击阻挡的所有敌人,70s,18→20→22,2,2.5s,"['2229', '3096', '4074', '5432', '300']","['620', '886', '1151', '1387', '50']","['0', '0', '0', '0', '0']","['0', '0', '0', '0', '0']","[2, 2, 2]"
松果,群愈师,同时恢复三个友方单位的生命,70s,16→18,1,2.85s,"['796', '1076', '1346', '1705', '0']","['132', '210', '280', '350', '70']","['80', '107', '140', '169', '0']","['5', '5', '5', '5', '0']","[10, 12, 12]"
陈,速射手,优先攻击空中单位,70s,12→14,1,1.0s,"['711', '1016', '1338', '1673', '0']","['183', '305', '437', '540', '90']","['57', '95', '136', '161', '0']","['0', '0', '0', '0', '0']","[10, 12, 12]"
但书,不屈者,无法被友方角色治疗,70s,32→34→36,2→3→3,1.6s,"['1732', '2279', '2960', '4055', '600']","['368', '512', '683', '876', '40']","['234', '355', '474', '616', '0']","['10', '10', '10', '10', '0']","[2, 2, 2]"
火哨,工匠,能够阻挡两个敌人，使用<支援装置>协助作战,70s,14→16→18,2,1.5s,"['1182', '1620', '2080', '2600', '0']","['238', '351', '468', '565', '40']","['193', '277', '357', '425', '40']","['0', '0', '0', '0', '0']","[2, 2, 2]"
拉普兰德,强攻手,同时攻击阻挡的所有敌人,70s,18→20→22,2→2→3,1.2s,"['1140', '1462', '1875', '2500', '350']","['278', '387', '524', '690', '0']","['133', '190', '258', '315', '0']","['0', '0', '0', '0', '0']","[2, 2, 2]"
白面鸮,术战者,攻击造成法术伤害,70s,19→21,1,1.25s,"['1150', '1514', '1917', '2523', '0']","['283', '411', '534', '660', '30']","['177', '254', '326', '393', '55']","['10', '10', '10', '15', '0']","[2, 2, 2]"
瑕光,强攻手,同时攻击阻挡的所有敌人,70s,18→20→22,2→2→3,1.2s,"['1108', '1421', '1822', '2430', '0']","['284', '395', '535', '705', '0']","['135', '193', '262', '320', '40']","['0', '0', '0', '0', '0']","[2, 2, 2]"
银灰,速射手,优先攻击空中单位,70s,11→13,1,1.0s,"['667', '954', '1224', '1493', '0']","['173', '289', '420', '513', '75']","['53', '89', '128', '152', '0']","['0', '0', '0', '0', '0']","[10, 12, 12]"
四月,推击手,同时攻击阻挡的所有敌人可以放置于远程位,70s,19→21,2,1.2s,"['984', '1313', '1663', '2133', '0']","['295', '411', '548', '677', '45']","['163', '248', '327', '394', '45']","['0', '0', '0', '0', '0']","[2, 2, 2]"
摩根,铁卫,能够阻挡三个敌人,70s,14,3,1.2s,"['1219', '1670', '——', '——', '0']","['180', '240', '——', '——', '0']","['220', '315', '——', '——', '40']","['0', '0', '——', '——', '0']",[1]
华法琳,重射手,高精度的近距离射击,70s,16→18→20,1,1.6s,"['781', '1086', '1393', '1833', '0']","['357', '490', '646', '840', '100']","['86', '123', '164', '225', '0']","['0', '0', '0', '0', '0']","[7, 9, 9]"
空,扩散术师,攻击造成群体法术伤害,70s,27→30,1,2.9s,"['614', '878', '1141', '——', '0']","['321', '453', '582', '——', '60']","['41', '69', '95', '——', '0']","['10', '10', '15', '——', '0']","[7, 9]"
霜华,情报官,再部署时间减少，可使用远程攻击,35s,10→12,1,1.0s,"['832', '1189', '1525', '1860', '0']","['239', '352', '464', '566', '40']","['85', '143', '205', '244', '20']","['0', '0', '0', '0', '0']","[3, 3, 3]"
安洁莉娜,轰击术师,攻击造成超远距离的群体法术伤害,70s,31→34,1,2.9s,"['687', '982', '1276', '1680', '0']","['377', '563', '722', '870', '110']","['52', '79', '109', '130', '0']","['10', '10', '15', '20', '0']","[5, 6, 6]"
贾维,驭法铁卫,技能开启时普通攻击会造成法术伤害,70s,21→23→25,3,1.6s,"['1252', '1692', '2257', '3135', '0']","['265', '379', '506', '633', '40']","['223', '328', '444', '555', '40']","['5', '5', '10', '15', '0']","[1, 1, 1]"
鸿雪,扩散术师,攻击造成群体法术伤害,80s,32→35,1,2.9s,"['692', '962', '1203', '1543', '0']","['370', '522', '670', '798', '90']","['46', '70', '96', '115', '0']","['10', '10', '15', '20', '0']","[7, 9, 9]"
淬羽赫默,斗士,能够阻挡一个敌人,70s,9→11,1,0.78s,"['1298', '1755', '2250', '2745', '0']","['242', '356', '475', '587', '45']","['154', '221', '299', '357', '45']","['0', '0', '0', '0', '0']","[2, 2, 2]"
泡泡,速射手,优先攻击空中单位,60s,10→12,1,1.0s,"['693', '990', '1270', '1549', '0']","['206', '344', '499', '595', '0']","['55', '93', '134', '159', '0']","['0', '0', '0', '0', '0']","[10, 12, 12]"
伺夜,斗士,能够阻挡一个敌人,70s,8→10,1,0.78s,"['1180', '1595', '2045', '2495', '0']","['224', '330', '441', '545', '75']","['144', '207', '280', '334', '0']","['0', '0', '0', '0', '0']","[2, 2, 2]"
石棉,执旗手,技能发动期间阻挡数变为0,70s,9→11,1,1.3s,"['702', '962', '1218', '1669', '0']","['237', '339', '447', '533', '0']","['154', '215', '284', '335', '60']","['0', '0', '0', '0', '0']","[2, 2, 2]"
桃金娘,中坚术师,攻击造成法术伤害,70s,16→18,1,1.6s,"['592', '847', '1100', '——', '0']","['249', '357', '470', '——', '50']","['38', '65', '90', '——', '0']","['10', '10', '15', '——', '0']","[9, 10]"
灰烬,医师,恢复友方单位生命,80s,19→21,1,2.85s,"['821', '1157', '1395', '1550', '0']","['167', '275', '394', '493', '75']","['59', '86', '108', '135', '0']","['0', '0', '0', '0', '0']","[10, 12, 12]"
阿米娅,尖兵,能够阻挡两个敌人,70s,7,2,1.05s,"['721', '1030', '——', '——', '0']","['150', '232', '——', '——', '30']","['134', '192', '——', '——', '0']","['0', '0', '——', '——', '0']",[2]
崖心,铁卫,能够阻挡三个敌人,70s,16→18,3,1.2s,"['1048', '1398', '1865', '——', '0']","['177', '228', '285', '——', '0']","['264', '395', '534', '——', '0']","['0', '0', '0', '——', '0']","[1, 1]"
白金,扩散术师,攻击造成群体法术伤害,70s,30→33,1,2.9s,"['734', '1020', '1276', '1637', '0']","['359', '506', '649', '773', '90']","['47', '72', '100', '120', '0']","['10', '10', '15', '20', '0']","[7, 9, 9]"
拜松,剑豪,普通攻击连续造成两次伤害,70s,18→20→22,2,1.3s,"['1089', '1492', '1938', '2550', '0']","['245', '356', '463', '602', '80']","['146', '209', '272', '332', '0']","['0', '0', '0', '0', '0']","[2, 2, 2]"
迷迭香,守护者,技能可以治疗友方单位,70s,18→20→22,2→3→3,1.2s,"['1346', '1820', '2334', '3242', '0']","['207', '297', '402', '491', '90']","['242', '357', '476', '581', '20']","['10', '10', '10', '10', '0']","[2, 2, 2]"
